,CUENTA,DES,M,T
0,  1 00 00 00 000 0000,A C T I V O,, N
1,  1 01 00 00 000 0000,  A C T I V O  C O R R I E N T E,, N
2,  1 01 01 00 000 0000,    D I S P O N I B I L I D A D E S,, N
3,  1 01 01 01 000 0000,      CAJA MONEDA NACIONAL,, N
4,  1 01 01 01 002 0000,        CAJA EL ALTO MN,, N
5,  1 01 01 01 002 0001,          CAJA EL ALTO MN, B, S
6,  1 01 01 02 000 0000,      CAJA MONEDA EXTRANJERA,, N
7,  1 01 01 02 002 0000,        CAJA EL ALTO ME,, N
8,  1 01 01 02 002 0001,          CAJA EL ALTO ME, D, S
9,  1 01 01 03 000 0000,      FONDO FIJO NO REPUESTO MN,, N
10,  1 01 01 03 002 0000,        EL ALTO MN,, N
11,  1 01 01 03 002 0001,          FONDO FIJO EL ALTO MN, B, S
12,  1 01 01 03 002 0002,          FONDO FIJO LA PAZ MN, B, S
13,  1 01 01 03 002 0003,          FONDO FIJO PLANTA MN, B, S
14,  1 01 01 04 000 0000,      BANCOS MN,, N
15,  1 01 01 04 001 0000,        BANCOS NACIONALES MN,, N
16,  1 01 01 04 001 0101,          BANCO INDUSTRIAL MN 002651-001-5, B, S
17,  1 01 01 04 001 0102,          BANCO NACIONAL DE BOLIVIA MN 100-0204443, B, S
18,  1 01 01 04 001 0103,          BANCO UNION CTA CTE MN 1-4312132, B, S
19,  1 01 01 04 001 0104,          BANCO NACIONAL DE BOLIVIA MN 1000286172, B, S
20,  1 01 01 05 000 0000,      BANCOS ME,, N
21,  1 01 01 05 001 0000,        BANCOS NACIONALES ME,, N
22,  1 01 01 05 001 0105,          BANCO MERCANTIL ME 4010058556, D, S
23,  1 01 01 05 001 0106,          BANCO INDUSTRIAL ME 2651-201-8, D, S
24,  1 01 01 05 001 0107,          BANCO NACIONAL DE BOLIVIA ME 140-0595174, D, S
25,  1 01 01 05 001 0108,          BANCO UNION CTA CTE ME 2-4312140, D, S
26,  1 01 02 00 000 0000,    E X I G I B L E,, N
27,  1 01 02 01 000 0000,      CLIENTES MN,, N
28,  1 01 02 01 002 0000,        CLIENTES EL ALTO MN,, N
29,  1 01 02 01 002 0001,          CLIENTES EL ALTO MN, B, S
30,  1 01 02 02 000 0000,      CLIENTES ME,, N
31,  1 01 02 02 001 0000,        CLIENTES LA PAZ ME,, N
32,  1 01 02 02 001 0101,          CLIENTES LA PAZ ME, D, S
33,  1 01 02 02 002 0000,        CLIENTES EL ALTO ME,, N
34,  1 01 02 02 002 0001,          CLIENTES EL ALTO ME, D, S
35,  1 01 02 03 000 0000,      CUENTAS POR COBRAR MN,, N
36,  1 01 02 03 001 0000,        CUENTAS POR COBRAR MN,, N
37,  1 01 02 03 001 0001,          CUENTAS POR COBRAR MN, B, S
38,  1 01 02 04 000 0000,      CUENTAS POR COBRAR ME,, N
39,  1 01 02 04 001 0000,        CUENTAS POR COBRAR ME,, N
40,  1 01 02 04 001 0001,          CUENTAS POR COBRAR ME, D, S
41,  1 01 02 05 000 0000,      ANTICIPO COMPRA DE BIENES Y SERV. MN,, N
42,  1 01 02 05 001 0000,        ANTICIPO COMPRA DE BIENES Y SERV. MN,, N
43,  1 01 02 05 001 0001,          ANTICIPO A PROVEEDORES MN, B, S
44,  1 01 02 05 001 0002,          ANTICIPO A VARIOS MN, B, S
45,  1 01 02 06 000 0000,      ANTICIPO COMPRA BIENES Y SERV. ME,, N
46,  1 01 02 06 001 0000,        ANTICIPO COMPRA BIENES Y SERV. ME,, N
47,  1 01 02 06 001 0001,          ANTICIPO A PROVEEDORES ME, D, S
48,  1 01 02 06 001 0002,          ANTICIPO A VARIOS ME, D, S
49,  1 01 02 07 000 0000,      DOCUMENTOS POR COBRAR MN,, N
50,  1 01 02 07 001 0000,        DOCUMENTOS POR COBRAR MN,, N
51,  1 01 02 07 001 0001,          DOCUMENTOS POR COBRAR MN, B, S
52,  1 01 02 07 001 0002,          DOCUMENTOS POR COBRAR DESCONTADOS MN, B, S
53,  1 01 02 08 000 0000,      DOCUMENTOS POR COBRAR ME,, N
54,  1 01 02 08 001 0000,        DOCUMENTOS POR COBRAR ME,, N
55,  1 01 02 08 001 0001,          DOCUMENTOS POR COBRAR ME, D, S
56,  1 01 02 09 000 0000,      ANTICIPOS AL PERSONAL MN,, N
57,  1 01 02 09 001 0000,        ANTICIPOS AL PERSONAL MN,, N
58,  1 01 02 09 001 0001,          ANTICIPO HABERES AL PERSONAL MN, B, S
59,  1 01 02 09 001 0002,          PRESTAMOS AL PERSONAL MN, B, S
60,  1 01 02 09 001 0003,          OTROS AL PERSONAL MN, B, S
61,  1 01 02 10 000 0000,      DERECHOS IMPOSITIVOS MN,, N
62,  1 01 02 10 001 0000,        DERECHOS IMPOSITIVOS MN,, N
63,  1 01 02 10 001 0001,          CREDITO FISCAL IVA MN, B, S
64,  1 01 02 10 001 0002,          IUE POR COMPESAR MN, B, S
65,  1 01 02 10 001 0003,          OTROS IMPTOS. A FAVOR MN, B, S
66,  1 01 02 10 001 0004,          CREDITO FISCAL POR IMPORTACIONES, B, S
67,  1 01 02 10 001 0005,          .,, N
68,  1 01 02 13 000 0000,      DEUDAS EN MORA MN,, N
69,  1 01 02 13 001 0000,        DEUDAS EN MORA MN,, N
70,  1 01 02 13 001 0001,          CLIENTES EN MORA MN, B, S
71,  1 01 02 13 001 0002,          CUENTAS POR COBRAR EN MORA MN, B, S
72,  1 01 02 14 000 0000,      DEUDAS EN MORA ME,, N
73,  1 01 02 14 001 0000,        DEUDAS EN MORA ME,, N
74,  1 01 02 14 001 0001,          CLIENTES EN MORA ME, D, S
75,  1 01 02 14 001 0002,          CUENTAS POR COBRAR EN MORA ME, D, S
76,  1 01 02 15 000 0000,      DEUDAS INCOBRABLES MN,, N
77,  1 01 02 15 001 0000,        DEUDAS INCOBRABLES MN,, N
78,  1 01 02 15 001 0001,          CLIENTES INCOBRABLES MN, B, S
79,  1 01 02 15 001 0002,          CUENTAS POR COBRAR INCOBRABLES MN, B, S
80,  1 01 02 16 000 0000,      DEUDAS INCOBRABLES ME,, N
81,  1 01 02 16 001 0000,        DEUDAS INCOBRABLES ME,, N
82,  1 01 02 16 001 0001,          CLIENTES INCOBRABLES ME, D, S
83,  1 01 02 16 001 0002,          CUENTAS POR COBRAR INCOBRABLES ME, D, S
84,  1 01 02 98 000 0000,      OTRAS CUENTAS PENDIENTES DE COBRO MN,, N
85,  1 01 02 98 001 0000,        OTRAS CUENTAS PENDIENTES DE COBRO MN,, N
86,  1 01 02 98 001 0001,          OTRAS CUENTAS PENDIENTES DE COBRO MN, B, S
87,  1 01 02 99 000 0000,      OTRAS CUENTAS PENDIENTES DE COBRO ME,, N
88,  1 01 02 99 001 0000,        OTRAS CUENTAS PENDIENTES DE COBRO ME,, N
89,  1 01 02 99 001 0001,          OTRAS CUENTAS PENDIENTES DE COBRO ME, D, S
90,  1 01 03 00 000 0000,    R E A L I Z A B L E,, N
91,  1 01 03 01 000 0000,      MATERIA PRIMA,, N
92,  1 01 03 01 005 0000,        MATERIA PRIMA ENV.FLEXIBLES,, N
93,  1 01 03 01 005 0001,          POLIETILENO, D, S
94,  1 01 03 01 005 0002,          POLIPROPILENO, D, S
95,  1 01 03 01 005 0003,          POLIESTER (PET), D, S
96,  1 01 03 01 005 0004,          PAPEL, D, S
97,  1 01 03 01 005 0005,          PARAFINA, D, S
98,  1 01 03 01 005 0006,          PVC, D, S
99,  1 01 03 01 005 0007,          VARIOS MAT.PRIMA ENV.FLEXIBLES, D, S
100,  1 01 03 01 005 0101,          TINTAS - EXTENDER, D, S
101,  1 01 03 01 005 0102,          SOLVENTES, D, S
102,  1 01 03 01 005 0103,          ADHESIVOS, D, S
103,  1 01 03 01 005 0104,          FOTOPOLIMEROS, D, S
104,  1 01 03 01 005 0105,          MASTERBATCH, D, S
105,  1 01 03 02 000 0000,      MATERIALES,, N
106,  1 01 03 02 005 0000,        MATERIALES PARA ENV.FLEXIBLES,, N
107,  1 01 03 02 005 0001,          ENVASES PARA ENV.FLEXIBLES, D, S
108,  1 01 03 02 005 0002,          EMPAQUES PARA ENV.FLEXIBLES, D, S
109,  1 01 03 02 005 0003,          VARIOS MATERIALES PARA ENV.FLEXIBLES, D, S
110,  1 01 03 03 000 0000,      DESPERDICIOS MATERIA PRIMA Y MATERIALES,, N
111,  1 01 03 03 005 0000,        DESPERDICIOS ENV.FLEXIBLES,, N
112,  1 01 03 03 005 0001,          DESPERDICIOS MATERIA PRIMA ENV.FLEXIBLES, D, S
113,  1 01 03 03 005 0002,          DESPERDICIOS MATERIALES ENV.FLEXIBLES, D, S
114,  1 01 03 03 005 0003,          DESPERDICIOS VARIOS ENV.FLEXIBLES, D, S
115,  1 01 03 04 000 0000,      PRODUCTOS TERMINADOS,, N
116,  1 01 03 04 001 0000,        PRODUTOS EN PROCESO,, N
117,  1 01 03 04 001 0101,          PRODUCTO EN PROCESO - FAB.LA ESTRELLA, D, S
118,  1 01 03 04 001 0102,          PRODUCTO EN PROCESO - OTROS CLIENTES, D, S
119,  1 01 03 04 001 0103,          ., D, N
120,  1 01 03 04 002 0000,        .,, N
121,  1 01 03 04 002 0101,          ., D, N
122,  1 01 03 04 002 0102,          ., D, N
123,  1 01 03 04 002 0103,          ., D, N
124,  1 01 03 04 002 0104,          ., D, N
125,  1 01 03 04 003 0000,        .,, N
126,  1 01 03 04 003 0105,          ., D, N
127,  1 01 03 04 005 0000,        PRODUCTOS ENV.FLEXIBLES,, N
128,  1 01 03 04 005 0001,          ENV.FLEXIBLES FAB. LA ESTRELLA, D, S
129,  1 01 03 04 005 0002,          ENV.FLEXIBLES OTROS CLIENTES, D, S
130,  1 01 03 04 005 0003,          INV.CLISE, D, S
131,  1 01 03 05 000 0000,      PRODUCTOS TERMINADOS DEFECTUOSOS,, N
132,  1 01 03 05 005 0000,        PRODUCTOS DEFECTUOSOS ENV.FLEXIBLES,, N
133,  1 01 03 05 005 0001,          DEFECTUOSOS ENV.FLEXIBLES FAB.LA ESTRELLA, D, S
134,  1 01 03 05 005 0002,          DEFECTUOSOS ENV.FLEXIBLES OTROS CLIENTES, D, S
135,  1 01 03 05 005 0003,          DEFECTUOSOS ENV.FLEXIBLES VARIOS, D, S
136,  1 01 04 00 000 0000,    O T R O S  A C T I V O S  C O R R I E N T E S,, N
137,  1 01 04 01 000 0000,      MERCADERIA EN TRANSITO MN,, N
138,  1 01 04 01 001 0000,        MAQUINARIA Y EQUIPO EN TRANSITO MN,, N
139,  1 01 04 01 001 0001,          MAQUINARIA Y EQUIPO EN TRANSITO MN, B, S
140,  1 01 04 01 002 0000,        MATERIA PRIMA EN TRANSITO MN,, N
141,  1 01 04 01 002 0001,          MATERIA PRIMA EN TRANSITO MN, B, S
142,  1 01 04 01 003 0000,        MATERIALES EN TRANSITO MN,, N
143,  1 01 04 01 003 0001,          MATERIALES EN TRANSITO MN, B, S
144,  1 01 04 02 000 0000,      MERCADERIA EN TRANSITO ME,, N
145,  1 01 04 02 001 0000,        MAQUINARIA Y EQUIPO EN TRANSITO ME,, N
146,  1 01 04 02 001 0001,          MAQUINARIA Y EQUIPO EN TRANSITO ME, D, S
147,  1 01 04 02 002 0000,        MATERIA PRIMA EN TRANSITO ME,, N
148,  1 01 04 02 002 0001,          MATERIA PRIMA EN TRANSITO ME, D, S
149,  1 01 04 02 003 0000,        MATERIALES EN TRANSITO ME,, N
150,  1 01 04 02 003 0001,          MATERIALES EN TRANSITO ME, D, S
151,  1 01 04 04 000 0000,      MATERIAL DE SERVICIO,, N
152,  1 01 04 04 001 0000,        MATERIAL DE SERVICIO,, N
153,  1 01 04 04 001 0001,          PAPELERIA Y UTILES DE ESCRITORIO, D, S
154,  1 01 04 04 001 0002,          MATERIAL DE LIMPIEZA, D, S
155,  1 01 04 04 001 0003,          MATERIAL REPARACION Y MANTE. MN, B, S
156,  1 01 04 04 001 0004,          VARIOS MATERIALES DE SERVICIO, D, S
157,  1 01 04 04 001 0005,          REPUESTOS POR APLICAR, D, S
158,  1 02 00 00 000 0000,  A C T I V O  N O  C O R R I E N T E,, N
159,  1 02 01 00 000 0000,    I N V E R S I O N E S,, N
160,  1 02 01 01 000 0000,      ACCIONES TELEFONICAS,, N
161,  1 02 01 01 001 0000,        ACCIONES TELEFONICAS LA PAZ,, N
162,  1 02 01 01 001 0001,          ACCIONES TELEFONICAS COTEL, D, S
163,  1 02 01 02 000 0000,      SISTEMAS Y PROGRAMAS,, N
164,  1 02 01 02 001 0000,        SISTEMAS Y PROGRAMAS DE COMPUTACION,, N
165,  1 02 01 02 001 0001,          SISTEMAS Y PROGRAMAS DE COMPUTACION,, S
166,  1 02 01 03 000 0000,      (RESERVA OBSOLESCENCIA SISTEMAS Y PROG.),, N
167,  1 02 01 03 001 0000,        (RESERVA OBSOLESCENCIA SISTEMAS COMP.),, N
168,  1 02 01 03 001 0001,          (RESERVA OBSOLESCENCIA SISTEMAS COMP.),, S
169,  1 02 02 00 000 0000,    B I E N E S  D E  U S O,, N
170,  1 02 02 01 000 0000,      TERRENOS,, N
171,  1 02 02 01 001 0000,        TERRENOS,, N
172,  1 02 02 01 001 0001,          TERRENOS,U, S
173,  1 02 02 02 000 0000,      EDIFICIOS,, N
174,  1 02 02 02 001 0000,        EDIFICIOS,, N
175,  1 02 02 02 001 0001,          EDIFICIOS,U, S
176,  1 02 02 03 000 0000,      (DEPRECIACION ACUMULADA EDIFICIOS),, N
177,  1 02 02 03 001 0000,        (DEPRECIACION ACUMULADA EDIFICIOS),, N
178,  1 02 02 03 001 0001,          (DEPRECIACION ACUMULADA EDIFICIOS),U, S
179,  1 02 02 04 000 0000,      MUEBLES Y ENSERES,, N
180,  1 02 02 04 001 0000,        MUEBLES Y ENSERES,, N
181,  1 02 02 04 001 0001,          MUEBLES Y ENSERES,U, S
182,  1 02 02 05 000 0000,      (DEPRECIACION ACUMULADA MUEBLES Y ENSERES),, N
183,  1 02 02 05 001 0000,        (DEPRECIACION ACUMULADA MUEBLES Y ENSERES),, N
184,  1 02 02 05 001 0001,          (DEPRECIACION ACUMULADA MUEBLES Y ENSERES),U, S
185,  1 02 02 06 000 0000,      MAQUINARIA Y EQUIPO,, N
186,  1 02 02 06 001 0000,        MAQUINARIA Y EQUIPO,, N
187,  1 02 02 06 001 0001,          MAQUINARIA Y EQUIPO,U, S
188,  1 02 02 07 000 0000,      (DEPRECIACION ACUMULADA MAQUINARIA Y EQUIPO),, N
189,  1 02 02 07 001 0000,        (DEPRECIACION ACUMULADA MAQUINARIA Y EQUIPO),, N
190,  1 02 02 07 001 0001,          (DEPRECIACION ACUMULADA MAQUINARIA Y EQUIPO),U, S
191,  1 02 02 08 000 0000,      INSTALACIONES,, N
192,  1 02 02 08 001 0000,        INSTALACIONES,, N
193,  1 02 02 08 001 0001,          INSTALACIONES,U, S
194,  1 02 02 09 000 0000,      (DEPRECIACION ACUMULADA INSTALACIONES),, N
195,  1 02 02 09 001 0000,        (DEPRECIACION ACUMULADA INSTALACIONES),, N
196,  1 02 02 09 001 0001,          (DEPRECIACION ACUMULADA INSTALACIONES),U, S
197,  1 02 02 10 000 0000,      VEHICULOS,, N
198,  1 02 02 10 001 0000,        VEHICULOS,, N
199,  1 02 02 10 001 0001,          VEHICULOS,U, S
200,  1 02 02 11 000 0000,      (DEPRECIACION ACUMULADA VEHICULOS),, N
201,  1 02 02 11 001 0000,        (DEPRECIACION ACUMULADA VEHICULOS),, N
202,  1 02 02 11 001 0001,          (DEPRECIACION ACUMULADA VEHICULOS),U, S
203,  1 02 02 12 000 0000,      HERRAMIENTAS,, N
204,  1 02 02 12 001 0000,        HERRAMIENTAS,, N
205,  1 02 02 12 001 0001,          HERRAMIENTAS,U, S
206,  1 02 02 13 000 0000,      (DEPRECIACION ACUMULADA HERRAMIENTAS),, N
207,  1 02 02 13 001 0000,        (DEPRECIACION ACUMULADA HERRAMIENTAS),, N
208,  1 02 02 13 001 0001,          (DEPRECIACION ACUMULADA HERRAMIENTAS),U, S
209,  1 02 02 14 000 0000,      EQUIPOS DE COMPUTACION,, N
210,  1 02 02 14 001 0000,        EQUIPOS DE COMPUTACION,, N
211,  1 02 02 14 001 0001,          EQUIPOS DE COMPUTACION,U, S
212,  1 02 02 15 000 0000,      (DEPRECIACION ACUMULADA EQUIPOS DE COMPUTACION),, N
213,  1 02 02 15 001 0000,        (DEPRECIACION ACUMULADA EQUIPOS DE COMPUTACION),, N
214,  1 02 02 15 001 0001,          (DEPRECIACION ACUMULADA EQUIPOS DE COMPUTACION),U, S
215,  1 02 02 16 000 0000,      EQUIPOS DE LABORATORIO,, N
216,  1 02 02 16 001 0000,        EQUIPOS DE LABORATORIO,, N
217,  1 02 02 16 001 0001,          EQUIPOS DE LABORATORIO,U, S
218,  1 02 02 17 000 0000,      (DEPRECIACION ACUMULADA EQUIPOS LABORATORIO),, N
219,  1 02 02 17 001 0000,        (DEPRECIACION ACUMULADA EQUIPOS LABORATORIO),, N
220,  1 02 02 17 001 0001,          (DEPRECIACION ACUMULADA EQUIPOS LABORATORIO),U, S
221,  1 02 03 00 000 0000,    D I F E R I D O  E  I N T A N G I B L E,, N
222,  1 02 03 01 000 0000,      GASTOS PAGADOS POR ANTICIPADO MN,, N
223,  1 02 03 01 001 0000,        GASTOS PAGADOS POR ANTICIPADO MN,, N
224,  1 02 03 01 001 0001,          INTERESES DIFERIDO MN, B, S
225,  1 02 03 01 001 0002,          SEGUROS PAGADOS POR ANTICIPADO MN, B, S
226,  1 02 03 01 001 0003,          GASTOS POR APLICAR MN, B, S
227,  1 02 03 02 000 0000,      GASTOS PAGADOS POR ANTICIPADO ME,, N
228,  1 02 03 02 001 0000,        GASTOS PAGADOS POR ANTICIPADO ME,, N
229,  1 02 03 02 001 0001,          ALQUILERES PAGADOS POR ANTICIPADO ME, D, S
230,  1 02 03 02 001 0002,          SEGUROS PAGADOS POR ANTICIPADO ME, D, S
231,  1 02 03 02 001 0003,          GASTOS POR APLICAR ME, D, S
232,  1 02 03 03 000 0000,      OTROS ACTIVOS DIFERIDOS,, N
233,  1 02 03 03 001 0000,        OTROS ACTIVOS DIFERIDOS,, N
234,  1 02 03 03 001 0001,          OTROS ACTIVOS DIFERIDOS MN, B, S
235,  1 02 03 03 001 0002,          OTROS ACTIVOS DIFERIDOS ME, D, S
236,  1 02 04 00 000 0000,    O T R O S  A C T I V O S  N O  C O R R I E N T E S,, N
237,  1 02 04 01 000 0000,      MATERIALES EN TRANSITO MN LP,, N
238,  1 02 04 01 001 0000,        MAQUINARIA Y EQUIPO EN TRANSITO MN LP,, N
239,  1 02 04 01 001 0001,          MAQUINARIA Y EQUIPO EN TRANSITO MN LP, B, S
240,  1 02 04 01 001 0002,          MAQUINARIA Y EQUIPO EN DESARROLLO MN, B, S
241,  1 02 04 01 002 0000,        MATERIA PRIMA EN TRANSITO MN LP,, N
242,  1 02 04 01 002 0001,          MATERIA PRIMA EN TRANSITO MN LP, B, S
243,  1 02 04 01 003 0000,        MATERIALES EN TRANSITO MN LP,, N
244,  1 02 04 01 003 0001,          MATERIALES EN TRANSITO MN LP, B, S
245,  1 02 04 02 000 0000,      MATERIALES EN TRANSITO ME LP,, N
246,  1 02 04 02 001 0000,        MAQUINARIA Y EQUIPO EN TRANSITO ME LP,, N
247,  1 02 04 02 001 0001,          MAQUINARIA Y EQUIPO EN TRANSITO ME LP, D, S
248,  1 02 04 02 002 0000,        MATERIA PRIMA EN TRANSITO ME LP,, N
249,  1 02 04 02 002 0001,          MATERIA PRIMA EN TRANSITO ME LP, D, S
250,  1 02 04 02 003 0000,        MATERIALES EN TRANSITO ME LP,, N
251,  1 02 04 02 003 0001,          MATERIALES EM TRANSITO ME LP, D, S
252,  1 02 04 98 000 0000,      OPERACIONES POR LIQUIDAR MN,, N
253,  1 02 04 98 001 0000,        OPERACIONES PRO LIQUIDAR MN,, N
254,  1 02 04 98 001 0001,          OPERACIONES POR LIQUIDAR MN, B, S
255,  1 02 04 99 000 0000,      OPERACIONES POR LIQUIDAR ME,, N
256,  1 02 04 99 001 0000,        OPERACIONES POR LIQUIDAR ME,, N
257,  1 02 04 99 001 0001,          OPERACIONES POR LIQUIDAR ME, D, S
258,  1 02 05 00 000 0000,    E X I G I B L E,, N
259,  1 02 05 02 000 0000,      CLIENTES ME,, N
260,  1 02 05 02 001 0000,        CLIENTES LA PAZ ME,, N
261,  1 02 05 02 001 0101,          CLIENTES LA PAZ ME L.PLAZO, D, S
262,  2 00 00 00 000 0000,P A S I V O,, N
263,  2 01 00 00 000 0000,  P A S I V O  C O R R I E N T E,, N
264,  2 01 01 00 000 0000,    O B L I G A C I O N E S  P O R  P A G A R,, N
265,  2 01 01 01 000 0000,      PROVEEDORES MN,, N
266,  2 01 01 01 001 0000,        PROVEEDORES LOCALES MN,, N
267,  2 01 01 01 001 0001,          PROVEEDORES LOCALES MN, B, S
268,  2 01 01 01 002 0000,        PROVEEDORES INTERIOR MN,, N
269,  2 01 01 01 002 0001,          PROVEEDORES INTERIOR MN, B, N
270,  2 01 01 02 000 0000,      PROVEEDORES ME,, N
271,  2 01 01 02 001 0000,        PROVEEDORES LOCALES ME,, N
272,  2 01 01 02 001 0001,          PROVEEDORES LOCALES ME, D, S
273,  2 01 01 02 002 0000,        PROVEEDORES INTERIOR ME,, N
274,  2 01 01 02 002 0001,          PROVEEDORES INTERIOR ME, D, S
275,  2 01 01 02 003 0000,        PROVEEDORES EXTRANJEROS ME,, N
276,  2 01 01 02 003 0001,          PROVEEDORES EXTRANJEROS ME, D, S
277,  2 01 01 03 000 0000,      CUENTAS POR PAGAR MN,, N
278,  2 01 01 03 001 0000,        CUENTAS POR PAGAR MN,, N
279,  2 01 01 03 001 0001,          CUENTAS POR PAGAR MN, B, S
280,  2 01 01 03 001 0002,          ANTICIPO DE CLIENTES MN, B, S
281,  2 01 01 04 000 0000,      CUENTAS POR PAGAR ME,, N
282,  2 01 01 04 001 0000,        CUENTAS POR PAGAR ME,, N
283,  2 01 01 04 001 0001,          CUENTAS POR PAGAR ME, D, S
284,  2 01 01 04 001 0002,          ANTICIPO DE CLIENTES ME, D, S
285,  2 01 02 00 000 0000,    O B L I G A C I O N E S  F I N A N C I E R A S,, N
286,  2 01 02 01 000 0000,      PRESTAMOS BANCARIOS MN,, N
287,  2 01 02 01 001 0000,        PRESTAMOS BANCOS NACIONALES MN,, N
288,  2 01 02 01 001 0001,          BANCO UNION MN, B, S
289,  2 01 02 01 001 0002,          BANCO BISA MN, B, S
290,  2 01 02 01 001 0003,          BANCO NACION DE BOLIVIA MN, B, S
291,  2 01 02 02 000 0000,      PRESTAMOS BANCARIOS ME,, N
292,  2 01 02 02 001 0000,        PRESTAMOS BANCOS NACIONALES ME,, N
293,  2 01 02 02 001 0001,          BANCO MERCANTIL ME, D, S
294,  2 01 02 02 001 0002,          BANCO BISA ME, D, S
295,  2 01 02 02 001 0003,          ..............., D, S
296,  2 01 02 05 000 0000,      INTERESES POR FINANCIAMIENTOS MN,, N
297,  2 01 02 05 001 0000,        INTERESES POR PAGAR BANCOS MN,, N
298,  2 01 02 05 001 0001,          INTERESES POR PAGAR BANCO UNION MN, B, S
299,  2 01 02 05 001 0002,          INTERESES POR PAGAR BANCO NACIONAL DE BOLIVIA MN, B, S
300,  2 01 02 06 000 0000,      INTERESES POR FINANCIAMIENTOS ME,, N
301,  2 01 02 06 001 0000,        INTERESES POR PAGAR BANCOS ME,, N
302,  2 01 02 06 001 0001,          INTERESES POR PAGAR BANCOS ME, D, S
303,  2 01 02 07 000 0000,      PRESTAMOS VARIOS MN,, N
304,  2 01 02 07 001 0000,        PRESTAMOS VARIOS MN,, N
305,  2 01 02 07 001 0001,          PRESTAMOS VARIOS MN, B, S
306,  2 01 02 08 000 0000,      PRESTAMOS VARIOS ME,, N
307,  2 01 02 08 001 0000,        PRESTAMOS VARIOS ME,, N
308,  2 01 02 08 001 0001,          PRESTAMOS VARIOS ME, D, S
309,  2 01 02 09 000 0000,      INTERESESPOR FINANCIAMIENTOS VARIOS MN,, N
310,  2 01 02 09 001 0000,        INTERESES POR PAGAR PRESTAMOS VARIOS MN,, N
311,  2 01 02 09 001 0001,          INTERESES POR PAGAR PRESTAMOS VARIOS MN, B, S
312,  2 01 02 10 000 0000,      INTERESES POR FINANCIAMIENTOS VARIOS ME,, N
313,  2 01 02 10 001 0000,        INTERESES POR PAGAR PRESTAMOS VARIOS ME,, N
314,  2 01 02 10 001 0001,          INTERESES POR PAGAR PRESTAMOS VARIOS ME, D, S
315,  2 01 03 00 000 0000,    O B L I G A C I O N E S   F I S C A L E S,, N
316,  2 01 03 01 000 0000,      ACREEDORES FISCALES POR IMPUESTOS,, N
317,  2 01 03 01 001 0000,        OBLIGACIONES IMPOSITIVAS DE LA EMPRESA,, N
318,  2 01 03 01 001 0001,          DEBITO IVA MN, B, S
319,  2 01 03 01 001 0002,          RC-IVA POR PAGAR MN, B, S
320,  2 01 03 01 001 0003,          IT POR PAGAR MN, B, S
321,  2 01 03 01 001 0004,          IUE POR PAGAR MN, B, S
322,  2 01 03 01 001 0005,          IPB POR PAGAR MN, B, S
323,  2 01 03 01 001 0006,          PATENTES MUNICIPALES POR PAGAR MN, B, S
324,  2 01 03 01 001 0007,          OTRAS OBLIGACIONES IMPOSITIVAS, B, S
325,  2 01 03 01 002 0000,        OBLIGACIONES POR RETENCIONES A TERCEROS,, N
326,  2 01 03 01 002 0001,          RETENCIONES IUE SERVICIOS, B, S
327,  2 01 03 01 002 0002,          RETENCIONES IT A TERCEROS, B, S
328,  2 01 03 01 002 0003,          RETENCIONES IUE ADQUISICIONES, B, S
329,  2 01 03 01 002 0004,          RETENCIONES JUDICIALES, B, S
330,  2 01 03 01 002 0005,          RETENCION RC-IVA TERCEROS, B, S
331,  2 01 03 01 002 0006,          RETENCIONES IUE-BE SERVICIOS, B, S
332,  2 01 03 02 000 0000,      ACREEDORES POR CARGAS SOCIALES,, N
333,  2 01 03 02 001 0000,        APORTES POR PAGAR,, N
334,  2 01 03 02 001 0001,          CNS, B, S
335,  2 01 03 02 001 0002,          PRO-VIVIENDA, B, S
336,  2 01 03 02 001 0003,          INFOCAL, B, S
337,  2 01 03 02 001 0004,          AFP PREVISION BBV, B, S
338,  2 01 03 02 001 0005,          AFP FUTURO DE BOLIVIA, B, S
339,  2 01 03 02 001 0006,          DEUDAS SOCIALES, B, S
340,  2 01 03 02 001 0007,          FONDO SOLIDARIO, B, S
341,  2 01 04 00 000 0000,    O T R A S  O B L I G A C I O N E S POR P A G A R,, N
342,  2 01 04 01 000 0000,      OTRAS CUENTAS POR PAGAR MN,, N
343,  2 01 04 01 001 0000,        OTRAS CUENTAS POR PAGAR DEL PERSONAL,, N
344,  2 01 04 01 001 0001,          SUELDOS POR PAGAR, B, S
345,  2 01 04 01 001 0002,          PROVISION PARA AGUINALDO NAVIDAD, B, S
346,  2 01 04 01 001 0003,          PROVISION PARA PRIMA ANUAL, B, S
347,  2 01 04 01 001 0004,          RETENCIONES AL PERSONAL, B, S
348,  2 01 04 01 001 0005,          RETENCIONES PARA SINDICATO, B, S
349,  2 01 04 01 001 0006,          RETENCIONES VARIAS, B, S
350,  2 01 04 01 001 0007,          SUBSIDIOS POR PAGAR, B, S
351,  2 01 04 01 002 0000,        OTRAS CUENTAS POR PAGAR MN,, N
352,  2 01 04 01 002 0001,          OTRAS CUENTAS POR PAGAR MN, B, S
353,  2 01 04 01 002 0002,          PROVISIONES POR PAGAR MN, B, S
354,  2 01 05 00 000 0000,    O T R A S  C U E N T A S  P O R  P A G A R,, N
355,  2 01 05 01 000 0000,      OTRAS CUENTAS POR PAGAR ME,, N
356,  2 01 05 01 001 0000,        OTRAS CUENTAS POR PAGAR ME,, N
357,  2 01 05 01 001 0001,          OTRAS CUENTAS POR PAGAR ME, D, S
358,  2 01 05 01 001 0002,          PROVISIONES POR PAGAR ME, D, S
359,  2 02 00 00 000 0000,  P A S I V O  N O  C O R R I E N T E,, N
360,  2 02 01 00 000 0000,    P R E V I S I O N E S,, N
361,  2 02 01 01 000 0000,      PREVISIONES PARA INDEMNIZACIONES,, N
362,  2 02 01 01 001 0000,        PREVISION PARA INDEMNIZACIONES,, N
363,  2 02 01 01 001 0001,          PREVISION PARA INDEMNIZACIONES, B, S
364,  2 02 01 02 000 0000,      OTRAS PREVISIONES,, N
365,  2 02 01 02 001 0000,        OTRAS PREVISIONES,, N
366,  2 02 01 02 001 0001,          PREVISION OBSOLESCENCIA INVENTARIO DE MAQ.Y EQUIPO, B, S
367,  2 02 01 02 001 0002,          PREVISION PARA CUENTAS INCOBRABLES, B, S
368,  2 02 02 00 000 0000,    O B L I G A C I O N E S  F I N A N C I E R A S  LP,, N
369,  2 02 02 01 000 0000,      PRESTAMOS BANCARIOS LP MN,, N
370,  2 02 02 01 001 0000,        PRESTAMOS BANCOS NACIONALES LP MN,, N
371,  2 02 02 01 001 0001,          BANCO MERCANTIL LP MN, B, S
372,  2 02 02 01 001 0002,          BANCO BISA LP MN, B, S
373,  2 02 02 01 002 0000,        PRESTAMOS BANCOS INTERNACIONALES LP ME,, N
374,  2 02 02 02 000 0000,      PRESTAMOS BANCARIOS LP ME,, N
375,  2 02 02 02 001 0000,        PRESTAMOS BANCOS NACIONALES LP ME,, N
376,  2 02 02 02 001 0001,          BANCO MERCANTIL LP ME, D, S
377,  2 02 02 03 000 0000,      INTERESES POR FINANCIAMIENTO LP ME,, N
378,  2 02 02 03 001 0000,        INTERESES POR PAGAR BANCOS LP ME,, N
379,  2 02 02 03 001 0001,          INTERESES POR PAGAR BANCOS LP ME, D, S
380,  2 02 02 03 002 0000,        INTERESES P.PAGAR OTRAS INST.FINANC.LP ME,, N
381,  2 02 02 03 002 0001,          INTERESES P.PAGAR OTRAS INST.FINANC.LP ME, D, S
382,  2 02 03 00 000 0000,    O T R O S  P A S I V O S,, N
383,  2 02 03 98 000 0000,      OPERACIONES POR LIQUIDAR MN,, N
384,  2 02 03 98 001 0000,        OPERACIONES POR LIQUIDAR MN,, N
385,  2 02 03 98 001 0001,          OPERACIONES POR LIQUIDAR MN, B, S
386,  2 02 03 99 000 0000,      OPERACIONES POR LIQUIDAR ME,, N
387,  2 02 03 99 001 0000,        OPERACIONES POR LIQUIDAR ME,, N
388,  2 02 03 99 001 0001,          OPERACIONES POR LIQUIDAR ME, D, S
389,  2 02 03 99 001 0002,          OPERACIONES PENDIENTES CARTAS CREDITO ME, D, S
390,  3 00 00 00 000 0000,P A T R I M O N I O,, N
391,  3 01 00 00 000 0000,  C A P I T A L  S O C I A L,, N
392,  3 01 01 00 000 0000,    C A P I T A L  S O C I A L,, N
393,  3 01 01 01 000 0000,      CAPITAL SOCIAL,, N
394,  3 01 01 01 001 0000,        CAPITAL SOCIAL,, N
395,  3 01 01 01 001 0001,          SOCIO LOPEZ BELTRAN FERNANDO, B, S
396,  3 01 01 01 001 0002,          SOCIO LOPEZ BELTRAN FRANCISCO, B, S
397,  3 01 01 01 001 0003,          SOCIO LOPEZ BELTRAN ANTONIO, B, S
398,  3 01 01 02 000 0000,      APORTES PENDIENTES CAPITALIZACION,, N
399,  3 01 01 02 001 0000,        APORTES PENDIENTES CAPITALIZACION,, N
400,  3 01 01 02 001 0001,          APORTES PENDIENTES CAPITALIZACION, B, S
401,  3 02 00 00 000 0000,  A J U S T E S  A L  P A T R I M O N  I O,, N
402,  3 02 01 00 000 0000,    A J U S T E S  A L  P A T R I M O N I O,, N
403,  3 02 01 01 000 0000,      AJUSTES AL PATRIMONIO,, N
404,  3 02 01 01 001 0000,        AJUSTE GLOBAL DEL PATRIMONIO,, N
405,  3 02 01 01 001 0001,          AJUSTE GLOBAL DEL PATRIMONIO,, S
406,  3 02 01 01 001 0002,          AJUSTE DE CAPITAL,, S
407,  3 02 01 01 001 0003,          AJUSTE DE RESERVAS PATRIMONIALES,, S
408,  3 03 00 00 000 0000,  R E S E R V A S,, N
409,  3 03 01 00 000 0000,    R E S E R V A S,, N
410,  3 03 01 01 000 0000,      RESERVA LEGAL,, N
411,  3 03 01 01 001 0000,        RESERVA LEGAL,, N
412,  3 03 01 01 001 0001,          RESERVA LEGAL, B, S
413,  3 03 01 02 000 0000,      RESERVA PARA REINVERSION CAPITAL,, N
414,  3 03 01 02 001 0000,        RESERVA PARA REINVERSION CAPITAL,, N
415,  3 03 01 02 001 0001,          RESERVA PARA REINVERSION CAPITAL, B, S
416,  3 03 01 03 000 0000,      RESERVA POR REVALUOS TECNICOS,, N
417,  3 03 01 03 001 0000,        RESERVA POR REVALUOS TECNICOS,, N
418,  3 03 01 03 001 0001,          RESERVA POR REVALUOS TECNICOS, B, S
419,  3 04 00 00 000 0000,  R E S U L T A D O S,, N
420,  3 04 01 00 000 0000,    R E S U L T A D O S,, N
421,  3 04 01 01 000 0000,      RESULTADOS ACUMULADOS,, N
422,  3 04 01 01 001 0000,        RESULTADOS ACUMULADOS,, N
423,  3 04 01 01 001 0001,          UTILIDAD ACUMULADA, B, S
424,  3 04 01 01 001 0002,          PERDIDA ACUMULADA, B, S
425,  3 04 01 02 000 0000,      RESULTADOS DEL PERIODO,, N
426,  3 04 01 02 001 0000,        RESULTADOS DEL PERIODO,, N
427,  3 04 01 02 001 0001,          UTILIDAD DEL PERIODO, B, S
428,  3 04 01 02 001 0002,          PERDIDA DEL PERIODO, B, S
429,  4 00 00 00 000 0000,E G R E S O S,U, N
430,  4 01 00 00 000 0000,  C O S T O  D E  V E N T A S,, N
431,  4 01 01 00 000 0000,    C O S T O   D E  V E N T A S,, N
432,  4 01 01 01 000 0000,      COSTO DE VENTAS PRODUCTOS TERMINADOS,, N
433,  4 01 01 01 005 0000,        COSTO DE VENTAS ENV.FLEXIBLES,, N
434,  4 01 01 01 005 0001,          COSTO DE VENTAS ENV. FLEXIBLES,U, S
435,  4 01 01 01 005 0002,          COSTO DE VENTAS ENV.FLEXIBLES OTROS CLIENTES,U, S
436,  4 01 01 01 005 0101,          .,, N
437,  4 01 01 01 005 0102,          .,, N
438,  4 01 01 01 005 0103,          .,, N
439,  4 01 01 01 005 0104,          .,, N
440,  4 01 01 01 005 0106,          .,, N
441,  4 01 01 02 000 0000,      COSTO VENTAS MATERIA PRIMA,, N
442,  4 01 01 02 005 0000,        COSTO VENTAS MATERIA PRIMA ENV.FLEXIBLES,, N
443,  4 01 01 02 005 0001,          COSTO VENTAS MATERIA PRIMA ENV.FLEXIBLES,U, S
444,  4 01 01 03 000 0000,      COSTO VENTAS MATERIALES,, N
445,  4 01 01 03 005 0000,        COSTO VENTAS MATERIALES ENV.FLEXIBLES,, N
446,  4 01 01 03 005 0001,          COSTO VENTAS MATERIALES ENV.FLEXIBLES,U, S
447,  4 01 01 04 000 0000,      COSTO VENTAS DESPERDICIOS,, N
448,  4 01 01 04 005 0000,        COSTO VENTAS DESPERDICIOS ENV.FLEXIBLES,, N
449,  4 01 01 04 005 0001,          COSTO VENTAS DESPERDICIOS MAT.PRIMA ENV.FLEXIBLES,U, S
450,  4 01 01 04 005 0002,          COSTO VENTAS DESPERDICIOS MATERIALES ENV.FLEXIBLES,U, S
451,  4 01 01 04 005 0003,          COSTO VENTAS DESPERDICIOS VARIOS ENV.FLEXIBLES,U, S
452,  4 01 01 05 000 0000,      COSTO VENTAS SERVICIOS,, N
453,  4 01 01 05 005 0000,        COSTO VENTAS SERVICIOS,, N
454,  4 01 01 05 005 0001,"          COSTO VENTAS PREPRENSA,CLISES Y PELICULAS",U, S
455,  4 02 00 00 000 0000,  G A S T O S  D E  O P E R A C I O N,, N
456,  4 02 01 00 000 0000,    G A S T O S  A D M I N I S T R A C I O N,, N
457,  4 02 01 01 000 0000,      GASTOS DE PERSONAL,, N
458,  4 02 01 01 001 0000,"        SUELDOS, SALARIOS Y BONOS",, N
459,  4 02 01 01 001 0005,          SUELDOS ADM. ENV FLEXIBLES,U, S
460,  4 02 01 01 002 0000,        HORAS EXTRA,, N
461,  4 02 01 01 002 0005,          HORAS EXTRA ADM. ENV. FLEXIBLES,U, S
462,  4 02 01 01 003 0000,        AGUINALDO Y PRIMAS,, N
463,  4 02 01 01 003 0005,          AGUINALDO Y PRIMAS ADM. ENV. FLEXIBLES,U, S
464,  4 02 01 01 004 0000,        INDEMNIZACIONES,, N
465,  4 02 01 01 004 0005,          INDEMNIZACIONES ADM. ENV.FLEXIBLES,U, S
466,  4 02 01 01 005 0000,        SUBSIDIOS,, N
467,  4 02 01 01 005 0005,          SUBSIDIOS ADM. ENV.FLEXIBLES,U, S
468,  4 02 01 01 006 0000,        DESHAUCIOS,, N
469,  4 02 01 01 006 0005,          DESHAUCIOS ADM. ENV.FLEXIBLES,U, S
470,  4 02 01 01 007 0000,        COMPENSACION VACACIONES,, N
471,  4 02 01 01 007 0005,          COMPENS. VACACIONES ADM. ENV.FLEXIBLES,U, S
472,  4 02 01 01 008 0000,        OTRAS RETRIBUCIONES,, N
473,  4 02 01 01 008 0005,          OTRAS RETRIBUCIONES ADM. ENV.FLEXIBLES,U, S
474,  4 02 01 01 009 0000,        CAPACITACION,, N
475,  4 02 01 01 009 0005,          CAPACITACION ADM. ENV.FLEXIBLES,U, S
476,  4 02 01 01 010 0000,        ROPA DE TRABAJO,, N
477,  4 02 01 01 010 0005,          ROPA DE TRABAJO ADM. ENV.FLEXIBLES,U, S
478,  4 02 01 01 011 0000,        ALIMENTACION Y REFRIGERIOS,, N
479,  4 02 01 01 011 0005,          ALIMENTACION Y REFRIG. ADM. ENV.FLEXIBLES,U, S
480,  4 02 01 01 012 0000,        VIATICOS,, N
481,  4 02 01 01 012 0005,          VIATICOS ADM. ENV.FLEXIBLES,U, S
482,  4 02 01 01 999 0000,        OTROS SERVICIOS AL PERSONAL,, N
483,  4 02 01 01 999 0005,          OTROS SERV. PERSONAL ADM. ENV.FLEXIBLES,U, S
484,  4 02 01 02 000 0000,      CARGAS SOCIALES,, N
485,  4 02 01 02 001 0000,        APORTE CNS,, N
486,  4 02 01 02 001 0005,          APORTE CNS ENV.FLEXIBLES,U, S
487,  4 02 01 02 002 0000,        APORTE AFPS,, N
488,  4 02 01 02 002 0005,          APORTE AFPS ENV.FLEXIBLES,U, S
489,  4 02 01 02 003 0000,        APORTE PROVIVIENDA,, N
490,  4 02 01 02 003 0005,          APORTE PROVIVIENDA ENV.FLEXIBLES,U, S
491,  4 02 01 02 004 0000,        APORTE INFOCAL,, N
492,  4 02 01 02 004 0005,          APORTE INFOCAL ENV.FLEXIBLES,U, S
493,  4 02 01 02 005 0000,        FONDO SOLIDARIO,, N
494,  4 02 01 02 005 0001,          APORTE FONDO SOLIDARIO ENV. FLEXIBLES,U, S
495,  4 02 01 02 999 0000,        OTROS POR CARGAS SOCIALES,, N
496,  4 02 01 02 999 0005,          OTROS POR CARGAS SOCIALES ENV.FLEXIBLES,U, S
497,  4 02 01 03 000 0000,      SERVICIOS CONTRATADOS,, N
498,  4 02 01 03 001 0000,        SERVICIOS DE COMPUTACION,, N
499,  4 02 01 03 001 0005,          SERV. COMPUTACION ENV.FLEXIBLES,U, S
500,  4 02 01 03 002 0000,        SERVICIOS DE SEGURIDAD,, N
501,  4 02 01 03 002 0005,          SERV. SEGURIDAD ENV.FLEXIBLES,U, S
502,  4 02 01 03 003 0000,        SERVICIO DE ASESORIA LEGAL,, N
503,  4 02 01 03 003 0005,          SERV. ASESORIA LEGAL ENV.FLEXIBLES,U, S
504,  4 02 01 03 004 0000,        SERVICIO DE AUDITORIA EXTERNA,, N
505,  4 02 01 03 004 0005,          SERV. AUDITORIA EXTERNA ENV.FLEXIBLES,U, S
506,  4 02 01 03 005 0000,        SERVICIO DE ANALISIS,, N
507,  4 02 01 03 005 0005,          SERV. ANALISIS ENV.FLEXIBLES,U, S
508,  4 02 01 03 006 0000,        SEGUROS CONTRATADOS,, N
509,  4 02 01 03 006 0005,          SEGUROS CONTRATADOS ENV.FLEXIBLES,U, S
510,  4 02 01 03 999 0000,        OTROS SERVICIOS CONTRATADOS,, N
511,  4 02 01 03 999 0005,          OTROS SERV. CONTRATADOS ENV.FLEXIBLES,U, S
512,  4 02 01 04 000 0000,      COMUNICACIONES Y TRASLADOS,, N
513,  4 02 01 04 001 0000,        TELEFONOS Y FAX,, N
514,  4 02 01 04 001 0005,          TELEFONOS Y FAX ENV.FLEXIBLES,U, S
515,  4 02 01 04 002 0000,        INTERNET,, N
516,  4 02 01 04 002 0005,          INTERNET ENV.FLEXIBLES,U, S
517,  4 02 01 04 003 0000,        CORREOS,, N
518,  4 02 01 04 003 0005,          CORREOS ENV.FLEXIBLES,U, S
519,  4 02 01 04 004 0000,"        PEAJES, FLETES Y CARGUIOS",, N
520,  4 02 01 04 004 0005,"          PEAJES, FLETES Y CARG. ENV.FLEXIBLES",U, S
521,  4 02 01 04 005 0000,        MOVILIDAD,, N
522,  4 02 01 04 005 0005,          MOVILIDAD ENV.FLEXIBLES,U, S
523,  4 02 01 04 006 0000,        COMBUSTIBLES Y LUBRICANTES,, N
524,  4 02 01 04 006 0005,          COMBUSTIBLES Y LUBRIC. ENV.FLEXIBLES,U, S
525,  4 02 01 04 007 0000,        PASAJES,, N
526,  4 02 01 04 007 0005,          PASAJES ENV.FLEXIBLES,U, S
527,  4 02 01 04 999 0000,        OTROS DE COMUNICACIONES Y TRASLADOS,, N
528,  4 02 01 04 999 0005,          OTROS COMUNICACION Y TRASLADOS ENV.FLEXIBLES,U, S
529,  4 02 01 05 000 0000,      IMPUESTOS,, N
530,  4 02 01 05 001 0000,        IMPUESTOS IUE,, N
531,  4 02 01 05 001 0005,          IMPUESTOS IUE ENV.FLEXIBLES,U, S
532,  4 02 01 05 002 0000,        IMPUESTOS IPB,, N
533,  4 02 01 05 002 0005,          IMPUESTOS IPB ENV.FLEXIBLES,U, S
534,  4 02 01 05 003 0000,        PATENTES Y LICENCIAS,, N
535,  4 02 01 05 003 0005,          PATENTES Y LICENCIAS ENV.FLEXIBLES,U, S
536,  4 02 01 05 004 0000,        IMPUESTO IT,, N
537,  4 02 01 05 004 0005,          IMPUESTO IT ENV.FLEXIBLES,U, S
538,  4 02 01 05 005 0000,        IMPUESTO ITF,, N
539,  4 02 01 05 005 0005,          IMPUESTO ITF ENV.FLEXIBLES,U, S
540,  4 02 01 05 999 0000,        OTROS POR IMPUESTOS,, N
541,  4 02 01 05 999 0005,          OTROS POR IMPUESTOS ENV.FLEXIBLES,U, S
542,  4 02 01 06 000 0000,      MANTENIMIENTO Y REPARACIONES,, N
543,  4 02 01 06 001 0000,        MTO. Y REP. EDIFICIOS,, N
544,  4 02 01 06 001 0005,          MTO. Y REP. EDIFICIOS ENV.FLEXIBLES,U, S
545,  4 02 01 06 002 0000,        MTO. Y REP. MUEBLES Y ENSERES,, N
546,  4 02 01 06 002 0005,          MTO. Y REP. MUEBLES Y ENSERES ENV.FLEXIBLES,U, S
547,  4 02 01 06 003 0000,        MANTENIMIENTO Y REPARACION VEHICULOS,, N
548,  4 02 01 06 003 0005,          MTO. Y REP. VEHICULOS ENV.FLEXIBLES,U, S
549,  4 02 01 06 004 0000,        MTO. Y REPARACION EQUIPOS COMPUTACION,, N
550,  4 02 01 06 004 0005,          MTO. Y REP. EQUIPOS COMP. ENV.FLEXIBLES,U, S
551,  4 02 01 07 000 0000,      DEPRECIACION BIENES DE USO,, N
552,  4 02 01 07 001 0000,        DEPRECIACION EDIFICIOS,, N
553,  4 02 01 07 001 0005,          DEPRECIACION EDIFICIOS ENV.FLEXIBLES,U, S
554,  4 02 01 07 002 0000,        DEPRECIACION MUEBLES Y ENSERES,, N
555,  4 02 01 07 002 0006,          DEPRECIACION MUEBLES Y ENSERES ENV.FLEXIBLES,U, S
556,  4 02 01 07 003 0000,        DEPRECIACION VEHICULOS,, N
557,  4 02 01 07 003 0005,          DEPRECIACION VEHICULOS ENV.FLEXIBLES,U, S
558,  4 02 01 07 004 0000,        DEPRECIACION HERRAMIENTAS,, N
559,  4 02 01 07 004 0005,          DEPRECIACION HERRAMIENTAS ENV.FLEXIBLES,U, S
560,  4 02 01 07 005 0000,        DEPRECIACION EQUIPOS DE COMPUTACION,, N
561,  4 02 01 07 005 0005,          DEPRECIACION EQUIPOS COMP. ENV.FLEXIBLES,U, S
562,  4 02 01 07 006 0000,        DEPRECIACION EQUIPO DE LABORATORIO,, N
563,  4 02 01 07 006 0005,          DEPRECIACION EQUIP. LABORATORIO ENV.FLEXIBLES,U, S
564,  4 02 01 08 000 0000,      AMORTIZACION CARGOS DIFERIDOS,, N
565,  4 02 01 08 001 0000,        AMORTIZACION SISTEMAS DE COMPUTACION,, N
566,  4 02 01 08 001 0005,          AMORTIZACION SISTEMAS COMP. ENV.FLEXIBLES,U, S
567,  4 02 01 09 000 0000,      OTROS GASTOS GENERALES,, N
568,  4 02 01 09 001 0000,        ALQUILERES,, N
569,  4 02 01 09 001 0005,          ALQUILERES ENV.FLEXIBLES,U, S
570,  4 02 01 09 002 0000,        ENERGIA ELECTRICA,, N
571,  4 02 01 09 002 0005,          ENERGIA ELECTRICA ENV.FLEXIBLES,U, S
572,  4 02 01 09 003 0000,        AGUA,, N
573,  4 02 01 09 003 0005,          AGUA ENV.FLEXIBLES,U, S
574,  4 02 01 09 004 0000,        GASTOS NOTARIALES,, N
575,  4 02 01 09 004 0005,          GASTOS NOTARIALES Y TRAM. ENV.FLEXIBLES,U, S
576,  4 02 01 09 006 0000,        PAPELERIA UTILES Y MATERIAL SERVICIO,, N
577,  4 02 01 09 006 0005,          PAPELERIA Y MAT. SERV. ENV.FLEXIBLES,U, S
578,  4 02 01 09 007 0000,        SUSCRIPCIONES Y PERIODICOS,, N
579,  4 02 01 09 007 0009,          SUSCRIPCIONES Y PERIODICOS ENV.FLEXIBLES,U, S
580,  4 02 01 09 008 0000,        CAMARA NACIONAL DE INDUSTRIAS,, N
581,  4 02 01 09 008 0005,          CAMARA NACIONAL INDUSTRIAS ENV.FLEXIBLES,U, S
582,  4 02 01 09 011 0000,        GASTOS DE REPRESENTACION,, N
583,  4 02 01 09 011 0004,          GASTOS DE REPRESENTACION ENV.FLEXIBLES,U, S
584,  4 02 01 09 012 0000,        DONACIONES,, N
585,  4 02 01 09 012 0004,          DONACIONES ENV.FLEXIBLES,U, S
586,  4 02 01 09 013 0000,        LIMPIEZA,, N
587,  4 02 01 09 013 0005,          LIMPIEZA ENV.FLEXIBLES,U, S
588,  4 02 01 09 999 0000,        OTROS GASTOS GENERALES,, N
589,  4 02 01 09 999 0005,          OTROS GASTOS GENERALES ENV.FLEXIBLES,U, S
590,  4 02 01 10 000 0000,      DIFERENCIAS DE STOCK Y MERMAS,, N
591,  4 02 01 10 001 0000,        DIF. Y MERMAS EN MATERIA PRIMA,, N
592,  4 02 01 10 001 0005,          DIF. Y MERMAS MATERIA PRIMA ENV.FLEXIBLES,U, S
593,  4 02 01 10 002 0000,        DIF. Y MERMAS EN MATERIALES,, N
594,  4 02 01 10 002 0005,          DIF. Y MERMAS EN MATERIALES ENV.FLEXIBLES,U, S
595,  4 02 01 10 003 0000,        DIF. Y MERMAS EN PRODUCTO TERMINADO,, N
596,  4 02 01 10 003 0005,          DIF. Y MERMAS EN PRODUCTO TERMINADO ENV.FLEXIBLES,U, S
597,  4 02 01 10 004 0000,        DIF. Y MERMAS EN CLISES,, N
598,  4 02 01 10 004 0005,          DIF. Y MERMAS EN CLISES ENV.FLEXIBLES,U, S
599,  4 02 01 11 000 0000,      CARGOS POR STOCK DEFECTUOSO,, N
600,  4 02 01 11 001 0000,        CARGOS MATERIA PRIMA DEFECTUOSA,, N
601,  4 02 01 11 001 0005,          CARGOS MATERIA PRIMA DEFECT. ENV.FLEXIBLES,U, S
602,  4 02 01 11 002 0000,        CARGOS MATERIALES DEFECTUOSOS,, N
603,  4 02 01 11 002 0005,          CARGOS MATERIALES DEFECT. ENV.FLEXIBLES,U, S
604,  4 02 01 11 003 0000,        CARGOS PRODUCTOS TERMINADOS DEFECTUOSOS,, N
605,  4 02 01 11 003 0005,          CARGOS PROD. TERMINADOS DEFECT. ENV.FLEXIBL,U, S
606,  4 02 01 12 000 0000,      CARGOS POR INCOBRABILIDAD,, N
607,  4 02 01 12 001 0000,        CASTIGO DEUDAS INCOBRABLES MN,, N
608,  4 02 01 12 001 0001,          CASTIGO CLIENTES INCOBRABLES MN,U, S
609,  4 02 01 12 001 0002,          CASTIGO CTAS. POR COBRAR INCOBRABLES MN,U, S
610,  4 02 01 12 002 0000,        CASTIGO DEUDAS INCOBRABLES ME,, N
611,  4 02 01 12 002 0001,          CASTIGO CLIENTES INCOBRABLES ME,U, S
612,  4 02 01 12 002 0002,          CASTIGO CTAS. POR COBRAR INCOBRABLES ME,U, S
613,  4 02 02 00 000 0000,    G A S T O S  I N V E S T I G A C I O N   Y  D E S.,, N
614,  4 02 02 01 000 0000,      GASTOS DE INVESTIGACION Y DESARROLLO,, N
615,  4 02 02 01 001 0000,        GASTOS DE INVESTIGACION Y DESARROLLO,, N
616,  4 02 02 01 001 0001,          GASTOS DE INVESTIGACION Y DESARROLLO,U, S
617,  4 02 03 00 000 0000,    G A S T O S  C O M E R C I A L I Z A C I O N,, N
618,  4 02 03 01 000 0000,      GASTOS DE PERSONAL,, N
619,  4 02 03 01 001 0000,"        SUELDOS, SALARIOS Y BONOS",, N
620,  4 02 03 01 001 0001,"          SUELDOS, SALARIOS Y BONOS COMERC.",U, S
621,  4 02 03 01 002 0000,        HORAS EXTRA,, N
622,  4 02 03 01 002 0001,          HORAS EXTRA COMERCIALIZACION,U, S
623,  4 02 03 01 003 0000,        AGUINALDO Y PRIMAS,, N
624,  4 02 03 01 003 0001,          AGUINALDO Y PRIMAS COMERCIALIZACION,U, S
625,  4 02 03 01 004 0000,        INDEMNIZACIONES,, N
626,  4 02 03 01 004 0001,          INDEMNIZACIONES COMERCIALIZACION,U, S
627,  4 02 03 01 005 0000,        SUBSIDIOS,, N
628,  4 02 03 01 005 0001,          SUBSIDIOS COMERCIALIZACION,U, S
629,  4 02 03 01 006 0000,        DESHAUCIOS,, N
630,  4 02 03 01 006 0001,          DESAHUCIOS COMERCIALIZACION,U, S
631,  4 02 03 01 007 0000,        COMPENSACION VACACIONES,, N
632,  4 02 03 01 007 0001,          COMPENSACION VACACIONES COMERC.,U, S
633,  4 02 03 01 008 0000,        OTRAS RETRIBUCIONES,, N
634,  4 02 03 01 008 0001,          OTRAS RETRIBUCIONES COMERCIALIZ.,U, S
635,  4 02 03 01 009 0000,        CAPACITACION,, N
636,  4 02 03 01 009 0001,          CAPACITACION COMERCIALIZACION,U, S
637,  4 02 03 01 010 0000,        ROPA DE TRABAJO,, N
638,  4 02 03 01 010 0001,          ROPA DE TRABAJO COMERCIALIZACION,U, S
639,  4 02 03 01 011 0000,        ALIMENTACION Y REFRIGERIO,, N
640,  4 02 03 01 011 0001,          ALIMENTACION Y REFRIGERIOS COMERC.,U, S
641,  4 02 03 01 012 0000,        VIATICOS,, N
642,  4 02 03 01 012 0001,          VIATICOS COMERCIALIZACION,U, S
643,  4 02 03 01 013 0000,        OTROS SERVICIOS AL PERSONAL,, N
644,  4 02 03 01 013 0001,          OTROS SERV. AL PERSONAL COMERC.,U, S
645,  4 02 03 02 000 0000,      CARGAS SOCIALES,, N
646,  4 02 03 02 001 0000,        APORTE CNS,, N
647,  4 02 03 02 001 0001,          APORTE CNS COMERCIALIZACION,U, S
648,  4 02 03 02 002 0000,        APORTE AFPS,, N
649,  4 02 03 02 002 0001,          APORTE AFPS COMERCIALIZACION,U, S
650,  4 02 03 02 003 0000,        APORTE PROVIVIENDA,, N
651,  4 02 03 02 003 0001,          APORTE PROVIVIENDA COMERCIALIZACION,U, S
652,  4 02 03 02 004 0000,        APORTE INFOCAL,, N
653,  4 02 03 02 004 0001,          APORTE INFOCAL COMERCIALIZACION,U, S
654,  4 02 03 02 005 0000,        APORTE FONDO SOLIDARIO,, N
655,  4 02 03 02 005 0001,          APORTE FONDO SOLIDARIO COMERCIALIZACION,U, S
656,  4 02 03 03 000 0000,      SERVICIOS CONTRATADOS,, N
657,  4 02 03 03 001 0000,        COMISIONES SOBRE VENTAS,, N
658,  4 02 03 03 001 0005,          COMISIONES SOBRE VENTAS ENV.FLEXIBLES,U, S
659,  4 02 03 03 002 0000,        PUBLICIDAD Y PROMOCIONES,, N
660,  4 02 03 03 002 0005,          PUBLICIDAD Y PROM. ENV.FLEXIBLES,U, S
661,  4 02 03 03 999 0000,        OTROS SERVICIOS CONTRATADOS,, N
662,  4 02 03 03 999 0001,          OTROS SERV. CONTRATADOS COMERCIAL.,U, S
663,  4 02 03 04 000 0000,      COMUNICACIONES Y TRASLADOS,, N
664,  4 02 03 04 001 0000,        TELEFONOS Y FAX,, N
665,  4 02 03 04 001 0001,          TELEFONOS Y FAX COMERCIAL.,U, S
666,  4 02 03 04 002 0000,"        PEAJES, FLETES Y CARGUIO",, N
667,  4 02 03 04 002 0001,"          PEAJES, FLETES Y CARGUIO COMERCIAL.",U, S
668,  4 02 03 04 003 0000,        MOVILIDAD,, N
669,  4 02 03 04 003 0001,          MOVILIDAD COMERCIALIZACION,U, S
670,  4 02 03 04 004 0000,        COMBUSTIBLE Y LUBRICANTES,, N
671,  4 02 03 04 004 0001,          COMBUSTIBLES Y LUBRIC. COMERCIAL.,U, S
672,  4 02 03 04 005 0000,        PASAJES,, N
673,  4 02 03 04 005 0001,          PASAJES COMERCIALIZACION,U, S
674,  4 02 03 04 999 0000,        OTROS COMUNICACIONES Y TRASLADOS,, N
675,  4 02 03 04 999 0001,          OTROS COMUNCAC. Y TRASLADOS COMERCIAL.,U, S
676,  4 02 03 05 000 0000,      IMPUESTOS,, N
677,  4 02 03 05 001 0000,        IMPUESTOS IT,, N
678,  4 02 03 05 001 0005,          IMPUESTO IT SOBRE VENTAS ENV.FLEXIBLES,U, S
679,  4 02 03 06 000 0000,      MANTENIMIENTO Y REPARACIONES,, N
680,  4 02 03 06 001 0000,        MTO. Y REP. EDIFICIOS,, N
681,  4 02 03 06 001 0001,          MTO. Y REP. EDIFICIOS COMERCIAL.,U, S
682,  4 02 03 06 002 0000,        MTO. Y REP. MUEBLES Y ENSERES,, N
683,  4 02 03 06 002 0001,          MTO. Y REP. MUEBLES Y ENSERES COMERCIAL.,U, S
684,  4 02 03 06 003 0000,        MTO. Y REP. INSTALACIONES,, N
685,  4 02 03 06 003 0001,          MTO. Y REP. INSTALACIONES COMERCIAL.,U, S
686,  4 02 03 06 004 0000,        MTO. Y REP. VEHICULOS,, N
687,  4 02 03 06 004 0001,          MTO. Y REP. VEHICULOS COMERCIAL.,U, S
688,  4 02 03 06 005 0000,        MTO. Y REP. EQUIPOS DE COMPUTACION,, N
689,  4 02 03 06 005 0001,          MTO. Y REP. EQUIP. COMPUTACION COMERCIAL.,U, S
690,  4 02 03 07 000 0000,      DEPRECIACION BIENES DE USO,, N
691,  4 02 03 07 001 0000,        DEPRECIACION EDIFICIOS,, N
692,  4 02 03 07 001 0001,          DEPRECIACION EDIFICIOS COMERCIAL.,U, S
693,  4 02 03 07 002 0000,        DEPRECIACION MUEBLES Y ENSERES,, N
694,  4 02 03 07 002 0001,          DEPRECIACION MUEBLES Y ENS. COMERCIAL.,U, S
695,  4 02 03 07 003 0000,        DEPRECIACION INSTALACIONES,, N
696,  4 02 03 07 003 0001,          DEPRECIACION INSTALACIONES COMERCIAL.,U, S
697,  4 02 03 07 004 0000,        DEPRECIACION VEHICULOS,, N
698,  4 02 03 07 004 0001,          DEPRECIACION VEHICULOS COMERCIAL.,U, S
699,  4 02 03 07 005 0000,        DEPRECIACION EQUIPOS DE COMPUTACION,, N
700,  4 02 03 07 005 0001,          DEPRECIACION EQUIPOS COMPUTACION COMERCIAL.,U, S
701,  4 02 03 08 000 0000,      AMORTIZACION CARGOS DIFERIDOS,, N
702,  4 02 03 08 001 0000,        AMORTIZACION SISTEMAS COMPUTACION,, N
703,  4 02 03 08 001 0001,          AMORTIZ. SISTEMAS COMPUTACION COMERCIAL.,U, S
704,  4 02 03 09 000 0000,      OTROS GASTOS GENERALES,, N
705,  4 02 03 09 001 0000,        ALQUILERES,, N
706,  4 02 03 09 001 0001,          ALQUILERES COMERCIALIZACION,U, S
707,  4 02 03 09 002 0000,        ENERGIA ELECTRICA,, N
708,  4 02 03 09 002 0001,          ENERGIA ELECTRICA COMERCIAL.,U, S
709,  4 02 03 09 003 0000,        AGUA,, N
710,  4 02 03 09 003 0001,          AGUA COMERCIAL.,U, S
711,  4 02 03 09 004 0000,"        PAPELERIA, UTILES Y MATERIAL SERV.",, N
712,  4 02 03 09 004 0001,"          PAPELERIA, Y MAT. DE SERV. COMERCIAL.",U, S
713,  4 02 03 09 005 0000,        SUSCRIPCIONES Y PERIODICIOS,, N
714,  4 02 03 09 005 0001,          SUSCRIPCIONES Y PERIODICOS COMERCIAL.,U, S
715,  4 02 03 09 006 0000,        CAMARA NACIONAL DE INDUSTRIAS,, N
716,  4 02 03 09 006 0001,          CAMARA NAL DE INDUSTRIAS COMERCIAL.,U, S
717,  4 02 03 09 009 0000,        GASTOS DE REPRESENTACION,, N
718,  4 02 03 09 009 0001,          GASTOS DE REPRESENT.COMERCIAL.,U, S
719,  4 02 03 09 999 0000,        OTROS GASTOS GENERALES,, N
720,  4 02 03 09 999 0001,          OTROS GASTOS GENERALES COMERCIAL.,U, S
721,  4 02 03 10 000 0000,      CARGOS POR INCOBRABILIDAD CLIENTES,, N
722,  4 02 03 10 001 0000,        CASTIGO CLIENTES INCOBRABLES MN,, N
723,  4 02 03 10 001 0001,          CASTIGO CLIENTES INCOB. LA PAZ MN,U, S
724,  4 02 03 10 001 0002,          CASTIGO CLIENTES INCOB. EL ALTO MN,U, S
725,  4 02 03 10 002 0000,        CASTIGO CLIENTES INCOBRABLES ME,, N
726,  4 02 03 10 002 0001,          CASTIGO CLIENTES INCOB. LA PAZ ME,U, S
727,  4 02 03 10 002 0002,          CASTIGO CLIENTES INCOB. EL ALTO ME,U, S
728,  4 02 03 11 000 0000,      GASTOS DE EXPORTACION,, N
729,  4 02 03 11 001 0000,        GASTOS EXPORTACION VENTAS PROD. TERM,, N
730,  4 02 03 11 001 0001,          GASTOS DESPACHOS Y TRAMITES EXPORT.,U, S
731,  4 02 03 11 001 0002,"          FLETES, CARGUIO Y TRANSPORTE EXPORT.",U, S
732,  4 02 03 11 001 0003,          SEGUROS CONTRATADOS EXPORTACION,U, S
733,  4 02 03 11 001 0004,          VARIOS GASTOS DE EXPORTACION,U, S
734,  4 03 00 00 000 0000,  G A S T O S  N O  O P E R A T I V O S,, N
735,  4 03 01 00 000 0000,    G A S T O S  F I N A N C I E R O S,, N
736,  4 03 01 01 000 0000,      GASTOS POR INTERESES BANCARIOS,, N
737,  4 03 01 01 001 0000,        GASTOS POR INTERESES BANCARIOS MN,, N
738,  4 03 01 01 001 0001,          GASTOS INTERESES BANCO MERCANTIL MN,U, S
739,  4 03 01 01 001 0002,          GASTOS INTERESES BANCO BISA MN,U, S
740,  4 03 01 01 001 0003,          GASTOS INTERESES BANCO UNION MN,U, S
741,  4 03 01 01 001 0004,          GASTOS INTERESES BANCO NACIONAL DE BOLIVIA MN,U, S
742,  4 03 01 01 002 0000,        GASTOS POR INTERESES BANCARIOS ME,, N
743,  4 03 01 01 002 0001,          GASTOS INTERESES BANCO MERCANTIL ME,U, S
744,  4 03 01 01 002 0002,          GASTOS INTERESES BANCO BISA ME,U, S
745,  4 03 01 01 002 0003,          GASTOS INTERESES BANCO UNION,U, S
746,  4 03 01 02 000 0000,      GASTOS POR COMISIONES BANCARIAS,, N
747,  4 03 01 02 001 0000,        GASTOS POR COMISIONES BANCARIAS MN,, N
748,  4 03 01 02 001 0001,          GASTOS POR COMISIONES BANCARIAS MN,U, S
749,  4 03 01 02 002 0000,        GASTOS POR COMISIONES BANCARIAS ME,, N
750,  4 03 01 02 002 0001,          GASTOS POR COMISIONES BANCARIAS ME,U, S
751,  4 03 01 03 000 0000,      GASTOS POR INTERESES OTRAS INST.FIN.,, N
752,  4 03 01 03 001 0000,        GASTOS POR INTERESES OTRAS INST. FINAN.,, N
753,  4 03 02 00 000 0000,    G A S T O S  V A R I O S,, N
754,  4 03 02 01 000 0000,      AJUSTES GESTIONES ANTERIORES,, N
755,  4 03 02 01 001 0000,        AJUSTES GESTIONES ANTERIORES,, N
756,  4 03 02 01 001 0001,          AJUSTES GESTIONES ANTERIORES,U, S
757,  4 03 02 99 000 0000,      OTROS GASTOS,, N
758,  4 03 02 99 001 0000,        OTROS GASTOS,, N
759,  4 03 02 99 001 0001,          OTROS GASTOS,U, S
760,  5 00 00 00 000 0000,I N G R E S O S,, N
761,  5 01 00 00 000 0000,  I N G R E S O S  O P E R A T I V O S,, N
762,  5 01 01 00 000 0000,    I N G R E S O S  V E N T A S  N A C I O N A L E S,, N
763,  5 01 01 01 000 0000,      INGRESOS VENTAS PRODUCTOS TERMINADOS,, N
764,  5 01 01 01 005 0000,        INGRESOS VENTAS ENV.FLEXIBLES,, N
765,  5 01 01 01 005 0001,          VENTAS ENV. FLEXIBLES FAB. LA ESTRELLA,U, S
766,  5 01 01 01 005 0002,          VENTAS ENV.FLEXIBLES OTROS CLIENTES,U, S
767,  5 01 01 02 000 0000,      INGRESOS VENTAS MATERIA PRIMA,, N
768,  5 01 01 02 005 0000,        INGRESOS VENTAS MATERIA PRIMA ENV.FLEXIBLES,, N
769,  5 01 01 02 005 0001,          VENTAS MATERIA PRIMA ENV.FLEXIBLES,U, S
770,  5 01 01 03 000 0000,      INGRESOS VENTAS MATERIALES,, N
771,  5 01 01 03 005 0000,        INGRESOS VENTAS MATERIALES ENV.FLEXIBLES,, N
772,  5 01 01 03 005 0001,          VENTAS MATERIALES ENV.FLEXIBLES,U, S
773,  5 01 01 04 000 0000,      INGRESOS VENTAS DESPERDICIOS,, N
774,  5 01 01 04 005 0000,        INGRESOS VENTAS DESPERDICIOS ENV.FLEXIBLES,, N
775,  5 01 01 04 005 0001,          VENTAS DESPERDICIOS MAT. PRIMA ENV.FLEXIBLES,U, S
776,  5 01 01 04 005 0002,          VENTAS DESPERDICIOS MATERIALES ENV.FLEXIBLES,U, S
777,  5 01 01 04 005 0003,          VENTAS DESPERDICIOS VARIOS ENV.FLEXIBLES,U, S
778,  5 01 02 00 000 0000,    I N G R E S O S  V E N T A S  E X P O R T A C I ON,, N
779,  5 01 02 01 000 0000,      INGRESOS VENTAS PRODUCTOS TERMINADOS,, N
780,  5 01 02 01 005 0000,        INGRESOS VENTA EXPORTACION ENV.FLEXIBLES,, N
781,  5 01 02 01 005 0001,          VENTAS EXPORTACION ENV.FLEXIBLES,U, S
782,  5 01 03 00 000 0000,    (D E V O L U C I O N E S  V E N T A S),, N
783,  5 01 03 01 000 0000,      (DEVOLUCIONES EN VENTAS),, N
784,  5 01 03 01 005 0000,        (DEVOLUCION EN VENTAS ENV.FLEXIBLES),, N
785,  5 01 03 01 005 0001,          (DEVOLUCION EN VENTAS ENV.FAB.LA ESTRELLA),U, S
786,  5 01 03 01 005 0002,          (DEVOLUCION EN VENTAS ENV.OTROS CLIE.),0, S
787,  5 01 04 00 000 0000,    I N G R E S O S  V E N T A  S E R V I C I O S,, N
788,  5 01 04 01 000 0000,      INGRESOS POR VENTA DE SERVICIOS,, N
789,  5 01 04 01 005 0000,        VENTAS SERVICIOS ENV.FLEXIBLES,, N
790,  5 01 04 01 005 0001,          SERVICIOS PREPRENSA,U, S
791,  5 01 04 01 005 0002,          SERVICIOS CONFECCION BOLSAS,U, S
792,  5 01 04 01 005 0003,          SERVICIOS IMPRESIONES VARIAS,U, S
793,  5 01 04 01 005 0009,          SERVICIOS VARIOS,U, S
794,  5 02 00 00 000 0000,  I N G R E S O S  N O  O P E R A T I V O S,, N
795,  5 02 01 00 000 0000,    I N G R E S O S  F I N A N C I E R O S,, N
796,  5 02 01 01 000 0000,      INGRESOS POR INTERESES BANCARIOS,, N
797,  5 02 01 01 001 0000,        INGRESOS POR INTERESES BANCARIOS,, N
798,  5 02 01 01 001 0001,          INGRESOS POR INTERESES BANCARIOS,U, S
799,  5 02 01 02 000 0000,      INGRESOS POR INTERESES OTROS,, N
800,  5 02 01 02 001 0000,        INGRESOS POR INTERESES OTROS,, N
801,  5 02 01 02 001 0001,          INGRESOS POR INTERESES OTROS,U, S
802,  5 02 02 00 000 0000,    I N G R E S O S  V A R I O S,, N
803,  5 02 02 01 000 0000,      INGRESOS POR ALQUILERES,, N
804,  5 02 02 01 001 0000,        INGRESOS POR ALQUILERES LA PAZ,, N
805,  5 02 02 01 001 0001,          ALQUILERES RECIBIDOS LA PAZ,U, S
806,  5 02 02 02 000 0000,      INGRESOS POR DIFERENCIA DE CAMBIO,, N
807,  5 02 02 02 001 0000,        INGRESOS POR DIFERENCIA DE CAMBIO,, N
808,  5 02 02 02 001 0001,          AJUSTE POR INFLACION Y TENENCIA DE BIENES,U, S
809,  5 02 02 02 001 0002,          DIFERENCIAS POR REDONDEOS,U, S
810,  5 02 02 02 001 0003,          DIFERENCIA DE CAMBIO,U, S
811,  5 02 02 02 001 0004,          MANTENIMIENTO DE VALOR,U, S
812,  5 02 02 03 000 0000,      INGRESO POR VENTA DE ACTIVOS,, N
813,  5 02 02 03 001 0000,        INGRESO POR VENTA DE ACTIVOS,, N
814,  5 02 02 03 001 0001,          INGRESO POR VENTA DE ACTIVOS,U, S
815,  5 02 02 99 000 0000,      OTROS INGRESOS,, N
816,  5 02 02 99 001 0000,        OTROS INGRESOS,, N
817,  5 02 02 99 001 0001,          OTROS INGRESOS,U, S
818,  6 00 00 00 000 0000,C U E N T A S  D E  O R D E N  D E U D O R A S,, N
819,  6 01 00 00 000 0000,  C U E N T A S  D E  O R D E N  D E U D O R A S,, N
820,  6 01 01 00 000 0000,    F I A N Z A S  O T O R G A D A S,, N
821,  6 01 02 00 000 0000,    G A R A N T I A S  O T O R G A D A S,, N
822,  6 01 03 00 000 0000,    L I N E A S  C R E D I T O  O B T E N I D A S,, N
823,  7 00 00 00 000 0000,C U E N T A S  D E  O R D E N  A C R E E D O R A S,, N
824,  7 01 00 00 000 0000,  C U E N T A S  D E  O R D E N  A C R E E D O R A S,, N
825,  7 01 01 00 000 0000,    O B L I G A C I O N E S  P O R  F I A N Z A S,, N
826,  7 01 02 00 000 0000,    O B L I G A C I O N E S  P O R  G A R A N T I A S,, N
827,  7 01 03 00 000 0000,    O B L I G A C I O N E S  P O R  L I N E A S,, N
828,  8 00 00 00 000 0000,C O S T O S  D E  P R O D U C C I O N,, N
829,  8 01 00 00 000 0000,  C O S T O  P R O D U C C I O N  P R O D. T E R M.,, N
830,  8 01 05 00 000 0000,    C O S T O S  P R O D U C C I O N  E N V. F L E X.,, N
831,  8 01 05 01 000 0000,      COSTO MATERIA PRIMA Y MATERIALES ENV.FLEXIBLES,, N
832,  8 01 05 01 001 0000,        MATERIA PRIMA PARA ENV.FLEXIBLES,, N
833,  8 01 05 01 001 0001,          POLIETILENO,, S
834,  8 01 05 01 001 0002,          POLIPROPILENO,, S
835,  8 01 05 01 001 0003,          POLIESTER (PET),, S
836,  8 01 05 01 001 0004,          PAPEL,, S
837,  8 01 05 01 001 0005,          PARAFINA,, S
838,  8 01 05 01 001 0006,          PVC,, S
839,  8 01 05 01 001 0007,          VARIOS MAT.PRIMA ENV.FLEXIBLES,, S
840,  8 01 05 01 001 0101,          TINTAS - EXTENDER,, S
841,  8 01 05 01 001 0102,          SOLVENTES,, S
842,  8 01 05 01 001 0103,          ADHESIVOS,, S
843,  8 01 05 01 001 0105,          MASTERBATCH,, S
844,  8 01 05 01 002 0000,        MATERIALES PARA ENV.FLEXIBLES,, N
845,  8 01 05 01 002 0001,          ENVASES PARA ENV.FLEXIBLES,, S
846,  8 01 05 01 002 0002,          EMPAQUES PARA ENV.FLEXIBLES,, S
847,  8 01 05 01 002 0101,          VARIOS MATERIALES PARA ENV.FLEXIBLES,, S
848,  8 01 05 02 000 0000,      COSTO MANO DE OBRA ENV.FLEXIBLES,, N
849,  8 01 05 02 001 0000,        COSTO MANO DE OBRA DIRECTA ENV.FLEXIBLES,, N
850,  8 01 05 02 001 0101,"          SUELDOS, SALARIOS Y BONOS LABOR ENV. FLEXIBLES",, S
851,  8 01 05 02 001 0102,          HORAS EXTRA LABOR ENV.FLEXIBLES,, S
852,  8 01 05 02 001 0103,          AGUINALDO Y PRIMAS LABOR ENV.FLEXIBLES,, S
853,  8 01 05 02 001 0104,          INDEMNIZACIONES LABOR ENV.FLEXIBLES,, S
854,  8 01 05 02 001 0105,          SUBSIDIOS LABOR ENV.FLEXIBLES,, S
855,  8 01 05 02 001 0106,          DESHAUCIOS LABOR ENV.FLEXIBLES,, S
856,  8 01 05 02 001 0107,          COMPENSACION VACACIONES LABOR ENV.FLEXIBLES,, S
857,  8 01 05 02 001 0108,          OTRAS RETRIBUCIONES LABOR ENV.FLEXIBLES,, S
858,  8 01 05 02 001 0109,          CAPACITACION LABOR ENV.FLEXIBLES,, S
859,  8 01 05 02 001 0110,          ROPA DE TRABAJO LABOR ENV.FLEXIBLES,, S
860,  8 01 05 02 001 0111,          ALIMENTACION Y REGRIGERIOS LABOR ENV.FLEXIBLES,, S
861,  8 01 05 02 001 0112,          VIATICOS LABOR ENV.FLEXIBLES,, S
862,  8 01 05 02 001 0113,          OTROS SERVICIOS AL PERSONAL LABOR ENV.FLEXIBLES,, S
863,  8 01 05 03 000 0000,      COSTO DE FABRICACION ENV.FLEXIBLES,, N
864,  8 01 05 03 001 0000,        COSTO DE PERSONAL INDIRECTO ENV.FLEXIBLES,, N
865,  8 01 05 03 001 0001,          SUELDOS SALARIOS Y BONOS GER. ENV.FLEXIBLES,, S
866,  8 01 05 03 001 0002,          HORAS EXTRAS GER ENV.FLEXIBLES,, S
867,  8 01 05 03 001 0003,          AGUINALDO Y PRIMAS GER ENV.FLEXIBLES,, S
868,  8 01 05 03 001 0004,          INDEMNIZACIONES GER ENV.FLEXIBLES,, S
869,  8 01 05 03 001 0005,          SUBSIDIOS GER ENV.FLEXIBLES,, S
870,  8 01 05 03 001 0006,          DESHAUCIOS GER ENV.FLEXIBLES,, S
871,  8 01 05 03 001 0007,          COMPENSACION VACACIONES GER ENV.FLEXIBLES,, S
872,  8 01 05 03 001 0008,          OTRAS RETRIBUCIONES GER ENV.FLEXIBLES,, S
873,  8 01 05 03 001 0009,          CAPACITACION GER ENV.FLEXIBLES,, S
874,  8 01 05 03 001 0010,          ROPA DE TRABAJO GER ENV.FLEXIBLES,, S
875,  8 01 05 03 001 0011,          ALIMENTACION Y REFRIGERIOS GER ENV.FLEXIBLES,, S
876,  8 01 05 03 001 0012,          VIATICOS GER ENV.FLEXIBLES,, S
877,  8 01 05 03 001 0013,          OTROS SERVICIOS AL PERSONAL GER.ENV.FLEXIBLES,, S
878,  8 01 05 03 002 0000,        MANTENIMIENTO Y REP.BIENES DE USO ENV.FLEXIBLES,, N
879,  8 01 05 03 002 0001,          MTO. Y REP. MAQUINARIA ENV.FLEXIBLES,, S
880,  8 01 05 03 002 0002,          MTO. Y REP. INSTALACIONES ENV.FLEXIBLES,, S
881,  8 01 05 03 003 0000,        DEPRECIACION BIENES DE USO ENV.FLEXIBLES,, N
882,  8 01 05 03 003 0001,          DEPRECIACION MAQUINARIA ENV.FLEXIBLES,, S
883,  8 01 05 03 003 0002,          DEPRECIACION INSTALACIONES ENV.FLEXIBLES,, S
884,  8 01 05 03 004 0000,        OTROS COSTOS DE PRODUCCION ENV.FLEXIBLES,, N
885,  8 01 05 03 004 0001,          ENERGIA ELECTRICA ENV. FLEXIBLES,, S
886,  8 01 05 03 004 0002,          GAS GLP ENV.FLEXIBLES,, S
887,  8 01 05 03 004 0003,          COMBUSTIBLES Y LUBRICANTES ENV.FLEXIBLES,, S
888,  8 01 05 03 004 0004,          OTROS COSTOS DE PRODUCCION,, S
889,  8 01 05 03 005 0000,        .,, N
890,  8 01 05 03 005 0001,          .,, N
